{"cameraMode":{"drawMode":0,"name":"Shaded","section":"Shading Mode"},"sceneLighting":true,"audioPlay":false,"sceneViewState":{"showFog":true,"showMaterialUpdate":true,"showSkybox":true,"showFlares":true,"showImageEffects":true,"showParticleSystems":true},"in2DMode":false,"pivot":{"x":-6.924698829650879,"y":5.60506534576416,"z":-12.554193496704102},"rotation":{"x":-0.05824832245707512,"y":0.9403416514396668,"z":-0.2620801031589508,"w":-0.20899459719657899},"size":4.153361797332764,"orthographic":false}